{"cameraMode":{"drawMode":0,"name":"Shaded","section":"Shading Mode"},"sceneLighting":true,"audioPlay":false,"sceneViewState":{"showFog":true,"showMaterialUpdate":false,"showSkybox":true,"showFlares":true,"showImageEffects":true,"showParticleSystems":true},"in2DMode":false,"pivot":{"x":0.16687774658203126,"y":1.117358922958374,"z":73.4813461303711},"rotation":{"x":0.0031303297728300096,"y":-0.9936642646789551,"z":0.1086389571428299,"w":0.028622185811400415},"size":4.576455116271973,"orthographic":false}