{"cameraMode":{"drawMode":0,"name":"Shaded","section":"Shading Mode"},"sceneLighting":true,"audioPlay":false,"sceneViewState":{"showFog":true,"showMaterialUpdate":false,"showSkybox":true,"showFlares":true,"showImageEffects":true,"showParticleSystems":true},"in2DMode":false,"pivot":{"x":-2.249075174331665,"y":3.6301116943359377,"z":-0.2542724609375},"rotation":{"x":-0.01378382183611393,"y":0.9762058854103088,"z":-0.2063492089509964,"w":-0.06520826369524002},"size":14.814538955688477,"orthographic":false}